               epoch,      train/box_loss,      train/cls_loss,      train/dfl_loss,   metrics/precision,      metrics/recall,     metrics/mAP_0.5,metrics/mAP_0.5:0.95,        val/box_loss,        val/cls_loss,        val/dfl_loss,               x/lr0,               x/lr1,               x/lr2
                   0,               2.331,              5.1617,              1.7108,           0.0067744,            0.014286,           0.0011073,          0.00072076,              1.9433,              6.8908,              1.3795,              0.0991,              0.0001,              0.0001
                   1,              1.7898,              4.8537,              1.7413,           0.0069431,            0.028571,           0.0010598,          0.00075421,              1.9441,               6.697,              1.3791,            0.097241,           0.0002406,           0.0002406
                   2,              1.9709,              4.5998,              1.6634,           0.0024263,            0.042857,           0.0013284,           0.0009065,              1.9013,              6.3762,              1.3609,            0.095302,            0.000302,            0.000302
                   3,              2.0964,              4.7519,              1.6432,           0.0013032,            0.028571,           0.0014513,           0.0011064,              1.8849,              6.1764,               1.356,            0.093284,           0.0002842,           0.0002842
                   4,              1.8286,              4.4965,               1.509,             0.00772,            0.028571,           0.0015041,           0.0011587,              1.8713,               5.958,                1.35,            0.091187,           0.0001872,           0.0001872
