               epoch,      train/box_loss,      train/cls_loss,      train/dfl_loss,   metrics/precision,      metrics/recall,     metrics/mAP_0.5,metrics/mAP_0.5:0.95,        val/box_loss,        val/cls_loss,        val/dfl_loss,               x/lr0,               x/lr1,               x/lr2
                   0,              2.2194,              4.5083,              1.9202,           0.0011186,            0.018868,          0.00057141,          0.00051427,              1.7303,              6.6192,              1.2582,                 0.1,                   0,                   0
                   1,               2.363,              4.6664,              1.9187,           0.0011211,            0.018868,           0.0005751,          0.00034506,              1.9321,              6.6355,               1.347,             0.09908,            8.02e-05,            8.02e-05
                   2,              2.1196,              4.6899,              1.7797,           0.0011236,            0.018868,          0.00057494,          0.00034497,              1.9234,              6.5766,              1.3458,            0.098121,           0.0001208,           0.0001208
                   3,              2.0043,              4.6837,              1.6519,           0.0011173,            0.018868,          0.00057095,          0.00034257,              1.9153,              6.5014,              1.3485,            0.097122,           0.0001218,           0.0001218
                   4,               2.136,              4.8557,              1.5489,           0.0011148,            0.018868,          0.00056941,          0.00034164,              1.8599,              6.4536,              1.3232,            0.096083,            8.32e-05,            8.32e-05
