               epoch,      train/box_loss,      train/cls_loss,      train/dfl_loss,   metrics/precision,      metrics/recall,     metrics/mAP_0.5,metrics/mAP_0.5:0.95,        val/box_loss,        val/cls_loss,        val/dfl_loss,               x/lr0,               x/lr1,               x/lr2
                   0,              1.4019,              1.3193,              1.1544,              0.5974,              0.5185,             0.54193,             0.35092,              1.0707,             0.89056,              1.0256,            0.070038,           0.0033291,           0.0033291
                   1,              1.3164,             0.98338,               1.093,             0.61172,              0.5125,             0.54472,             0.34232,              1.1013,             0.97702,              1.0299,            0.038719,           0.0053433,           0.0053433
                   2,              1.3295,              0.9701,              1.0975,             0.63849,              0.5285,             0.56127,             0.35028,               1.121,             0.90748,              1.0516,           0.0060795,           0.0060375,           0.0060375
                   3,              1.3129,             0.94568,              1.0948,             0.65462,             0.52572,             0.56071,             0.35686,              1.1064,             0.92367,              1.0333,             0.00406,             0.00406,             0.00406
                   4,              1.2932,             0.92335,              1.0901,             0.66306,             0.57884,             0.60786,             0.39429,              1.1125,              0.8833,              1.0363,             0.00406,             0.00406,             0.00406
